Group 1,Group 2
2.24401900189973,-0.153708073544308
-0.0635126853512106,1.52706811613745
0.114844417261509,-0.427357788660182
