Group 1,Group 2,
-0.797945296330255,2.16502687806082,0.35075438872011
0.571580722858732,-1.59152256075787,0.852052088399777
-1.32748071568785,0.664203493377576,0.382906961819892
